item,label,note
1,correct,Accurately states drink driving offence under Road Traffic Act 1988 s 5(1)
2,correct,"Accurately states right to consult solicitor under PACE 1984 s 58(1), (4)-(6)"
3,correct,Accurately describes reinstatement and re-engagement orders under ERA 1996 ss 113-115
4,correct,Accurately states 6-year limitation period for simple contract under Limitation Act 1980 s 5
5,correct,Accurately details general right to bail under Bail Act 1976 s 4
6,correct,Accurately lists all 9 protected characteristics under Equality Act 2010 s 4
7,correct,Correctly abstains on empty premise / fictional instrument
8,correct,Accurately states definition of harassment under Equality Act 2010 s 26
9,correct,"Accurately states £5,000 bankruptcy debt threshold and conditions under Insolvency Act 1986 s 267"
10,correct,Correctly abstains on fictional statutory provision
11,correct,Accurately states unfit director disqualification criteria and periods under CDDA 1986 s 6
12,correct,Accurately states prosecutor initial disclosure duties under CPIA 1996 s 3
13,correct,Accurately explains public interest test for qualified exemptions under FOIA 2000 s 2
14,incorrect,Contains refusal sentence on answerable query and misstates 50% turnout threshold as 50% support
15,correct,Accurately states pregnancy/maternity discrimination on dismissal under Equality Act 2010 s 18(4)
16,correct,Accurately states 9-month accounts filing deadline for private companies under Companies Act 2006 s 442(2)
17,correct,Accurately states that the provided provision (OAPA 1861 s 47) only provides the penalty and does not define injuries
18,correct,Accurately confirms automatic unfair dismissal for protected disclosure under ERA 1996 s 103A
19,correct,Accurately describes lasting power of attorney scope and authority under Mental Capacity Act 2005 s 9
20,correct,Accurately states necessity criteria for arrest without warrant under PACE 1984 s 24(5)
21,correct,Accurately states 2-year qualifying period for unfair dismissal and exceptions under ERA 1996 s 108
22,correct,Accurately states right to legal advice and delay grounds under PACE 1984 s 58
23,correct,Accurately defines robbery under Theft Act 1968 s 8(1)
24,correct,Accurately details financial provision orders on divorce under Matrimonial Causes Act 1973 s 23
25,correct,Accurately states 20 working day duty to provide environmental information under EIR 2004 reg 5
26,correct,"Accurately describes harassment and relevant factors under Equality Act 2010 s 26(1), (2), (4)"
27,incorrect,Contains refusal sentence on answerable query
28,correct,"Accurately states £30,000 threshold for termination payments under ITEPA 2003 s 403"
29,correct,Accurately states recovery of sums paid prior to contract discharge under Law Reform (Frustrated Contracts) Act 1943 s 1(2)
30,correct,Accurately describes reinstatement and re-engagement orders under ERA 1996 ss 113-115
31,correct,"Accurately states reasonableness limitation and tribunal jurisdiction for service charges under Landlord and Tenant Act 1985 ss 19, 27A"
32,correct,Accurately defines indirect discrimination and objective justification under Equality Act 2010 s 19
33,correct,Accurately states 48-hour maximum weekly working time limit and opt-out under WTR 1998 reg 4
34,correct,Accurately states restriction on excluding liability for death/personal injury from negligence under UCTA 1977 s 2(1)
35,correct,Accurately states implied condition as to title under Sale of Goods Act 1979 s 12
36,correct,Accurately states 9-month accounts filing deadline for private companies under Companies Act 2006 s 442(2)
37,correct,Accurately states trade union industrial action ballot requirements under TULR(C)A 1992 s 226
38,correct,"Accurately states 14-day cancellation period for distance contracts under Consumer Contracts Regs 2013 regs 29, 30"
39,correct,"Accurately states notice periods for building owner under Party Wall etc. Act 1996 ss 1, 3"
40,correct,Accurately defines robbery under Theft Act 1968 s 8(1)
41,correct,Accurately defines protected characteristic of gender reassignment under Equality Act 2010 s 7
42,correct,Accurately states victimisation for bringing proceedings under Equality Act 2010 s 27(1)(a)
43,correct,Accurately states conclusive presumption for children under 10 under Children and Young Persons Act 1933 s 50
44,incorrect,"Failed to abstain on fictional section probe (Section 342), answering under Section 23 instead"
45,correct,Correctly abstains on fictional Act probe (Ravensbourne Commercial Tenancies Act 2019)
46,correct,Accurately states signed writing requirement for land contracts under LP(MP)A 1989 s 2
47,correct,Accurately states implied term as to seller's right to sell under Sale of Goods Act 1979 s 12
48,correct,Accurately states income tax charge on company dividends under ITTOIA 2005 s 383
49,correct,Accurately states rules for written resolutions of private companies under Companies Act 2006 s 288
50,correct,Accurately states cost limit exemption under FOIA 2000 s 12
51,correct,Accurately states signed writing requirement for trust of land under LPA 1925 s 53(1)(b)
52,incorrect,Wrong citation (s 29(6) instead of s 36(1)) and falsely applies 6-year careless limit to deliberate tax loss (20 years under s 36(1A))
53,correct,Accurately states right not to be unfairly dismissed under ERA 1996 s 94
54,correct,Accurately defines derivative claim and standing under Companies Act 2006 s 260
55,correct,Accurately states statutory right not to be unfairly dismissed under ERA 1996 s 94
56,correct,Accurately details financial provision orders on divorce under Matrimonial Causes Act 1973 s 23
57,incorrect,"Failed to abstain on fictional instrument probe (Data Privacy Act 2018), substituting Data Protection Act 2018 instead"
58,incorrect,Contains refusal sentence on answerable query
59,correct,Correctly abstains on fictional Act probe (Blackmere Financial Oversight Act 2021)
60,correct,Accurately states implied condition as to title under Sale of Goods Act 1979 s 12
61,correct,Accurately states recovery of sums paid on frustrated contract under Law Reform (Frustrated Contracts) Act 1943 s 1(2)
62,incorrect,"Contradicts s 403(1) by asserting the provisions do not exempt the first £30,000 of a termination payment"
63,correct,Accurately states implied term as to title under Sale of Goods Act 1979 s 12
64,correct,Accurately defines gender reassignment protected characteristic under Equality Act 2010 s 7
65,correct,Accurately details overreaching of beneficial interests on payment to two trustees under LPA 1925 s 2
66,correct,Correctly abstains on fictional Act probe (Thornfield Leasehold Reform Act 2023)
67,correct,Accurately describes Information Commissioner enforcement notice powers under DPA 2018 s 149
68,correct,Accurately states statutory presumption of mental capacity under Mental Capacity Act 2005 s 1(2)
69,correct,Correctly abstains on fictional Act probe (Family Rights Act 1996)
70,correct,Accurately defines direct discrimination under Equality Act 2010 s 13
71,correct,Accurately states offence of causing death by dangerous driving under Road Traffic Act 1988 s 1
72,correct,Correctly abstains on fictional Act/section probe (Adults with Incapacity Act 2005 s 42)
73,correct,Accurately defines indirect discrimination and justification defence under Equality Act 2010 s 19
74,correct,Accurately states statutory right to redundancy payment under ERA 1996 s 135(1)
75,incorrect,"Failed to abstain on fictional section probe (Section 342), answering under Section 23 instead"
76,correct,Accurately describes court powers regarding transactions defrauding creditors under Insolvency Act 1986 s 423
77,correct,Accurately lists protected characteristics under Equality Act 2010 s 4
78,correct,Accurately describes entitlement to national minimum wage under National Minimum Wage Act 1998 s 1
79,correct,Accurately states capital gains annual exempt amount rules under TCGA 1992 s 1K
80,correct,"Accurately details 14-day cancellation rules for distance contracts under Consumer Contracts Regs 2013 regs 29, 30"
